timestamp,CO,CO2,PM25,PM10,NO2,ozone,temp,humidity
2026-06-15 15:30:00+07:00,17.04766,476.66666,50.0,62.0,0.01899,0.0,28.4,60.78666
2026-06-15 15:35:00+07:00,0.04466,400.0,50.0,62.0,0.0186,0.0,28.30667,57.97833
2026-06-15 15:40:00+07:00,0.04466,400.0,49.0,61.0,0.01811,0.0,28.22834,55.57
2026-06-15 15:45:00+07:00,0.04466,400.0,49.0,61.0,0.01811,0.0,28.19167,53.88667
2026-06-15 15:50:00+07:00,0.04466,400.0,48.0,60.0,0.01775,0.0,28.195,52.53334
2026-06-15 15:55:00+07:00,0.04466,400.0,48.0,60.0,0.01693,0.0,28.19667,51.32167
2026-06-17 13:15:00+07:00,0.04466,400.0,48.0,61.0,0.03653,0.0,26.03667,56.23667
2026-06-17 13:20:00+07:00,0.04466,400.0,54.0,68.0,0.02924,0.0,26.0,55.50499
2026-06-17 13:25:00+07:00,0.04466,400.0,53.0,66.0,0.02692,0.0,26.14167,54.765
2026-06-17 13:30:00+07:00,0.04466,400.0,52.0,64.0,0.0235,0.0,26.255,54.14
2026-06-17 13:35:00+07:00,0.04466,400.0,57.0,69.0,0.01259,0.0,26.39833,53.68501
2026-06-17 13:40:00+07:00,0.04466,400.0,55.0,67.0,0.00249,0.0,26.47667,54.605
2026-06-17 13:45:00+07:00,0.04466,400.0,53.0,65.0,0.02429,0.0,26.77167,53.73
2026-06-17 13:50:00+07:00,0.04466,400.0,56.0,68.0,0.02328,0.0,26.63667,53.09
2026-06-17 13:55:00+07:00,0.04466,400.0,64.0,73.0,0.02136,0.0,26.50333,52.91666
2026-06-17 14:00:00+07:00,0.04466,400.0,62.0,72.0,0.01986,0.0,26.475,52.61834
2026-06-17 14:05:00+07:00,0.04466,400.0,59.0,71.0,0.01821,0.0,26.56667,52.08666
2026-06-17 14:10:00+07:00,0.04466,400.0,58.0,70.0,0.01817,0.0,26.765,51.91667
2026-06-17 14:15:00+07:00,0.04466,400.0,57.0,69.0,0.01782,0.0,26.8,51.65833
2026-06-17 14:20:00+07:00,0.04466,400.0,55.0,68.0,0.0177,0.0,26.75833,52.65499
2026-06-17 14:25:00+07:00,0.04466,400.0,53.0,66.0,0.01773,0.0,26.80166,52.95667
2026-06-17 14:30:00+07:00,0.04466,400.0,52.0,65.0,0.01753,0.0,26.80166,52.5
2026-06-17 14:35:00+07:00,0.04466,400.0,52.0,65.0,0.017,0.0,26.82833,51.85167
2026-06-17 14:40:00+07:00,0.04466,400.0,52.0,65.0,0.01662,0.0,26.805,52.62167
2026-06-17 14:45:00+07:00,0.04466,400.0,61.0,72.0,0.01705,0.0,26.60833,53.67333
2026-06-17 16:10:00+07:00,0.04466,400.0,59.0,70.0,0.00249,0.0,26.38,56.01167
2026-06-25 14:30:00+07:00,0.26565,401.7818,45.0,55.0,0.1722,0.0,12.83167,26.29
2026-06-25 14:35:00+07:00,0.04466,400.0,45.0,55.0,0.23012,0.0,26.665,53.47334
2026-06-25 14:40:00+07:00,0.04466,400.0,45.0,55.0,0.07061,0.0,26.57833,53.17167
2026-06-25 14:45:00+07:00,0.04466,400.0,45.0,54.0,0.05929,0.0,26.60167,53.15667
2026-06-25 15:00:00+07:00,0.04466,400.0,44.0,54.0,0.05032,0.0,26.295,55.65833
2026-06-26 22:20:00+07:00,1.47219,400.0,117.0,123.0,0.07252,0.0,28.645,86.58
2026-06-26 22:25:00+07:00,1.47219,400.0,102.0,107.0,0.06906,0.0,28.845,84.55666
2026-06-26 22:30:00+07:00,1.47219,400.0,103.0,106.0,0.07075,0.0,28.91999,84.03
2026-06-26 22:35:00+07:00,1.47219,400.0,104.0,108.0,0.07243,0.0,28.99833,83.72667
2026-06-26 22:40:00+07:00,1.47219,400.0,107.0,111.0,0.07307,0.0,29.03833,83.67333
2026-06-26 22:45:00+07:00,1.47219,400.0,110.0,115.0,0.07184,0.0,29.06833,83.62667
2026-06-26 22:50:00+07:00,1.47219,400.0,105.0,110.0,0.06966,0.0,29.04333,83.34333
2026-06-26 22:55:00+07:00,1.47219,400.0,99.0,103.0,0.06685,0.0,28.99667,83.06167
2026-06-26 23:00:00+07:00,1.47219,400.0,98.0,102.0,0.06949,0.0,28.96833,82.95666
2026-06-26 23:05:00+07:00,1.47219,400.0,96.0,100.0,0.07091,0.0,29.0,82.80667
2026-06-26 23:10:00+07:00,1.47219,400.0,99.0,103.0,0.0723,0.0,29.00167,82.93667
2026-06-26 23:15:00+07:00,1.47219,400.0,99.0,103.0,0.07071,0.0,29.0,82.77333
2026-06-26 23:20:00+07:00,1.47219,400.0,94.0,98.0,0.06968,0.0,29.0,82.71334
2026-06-26 23:25:00+07:00,1.47219,400.0,91.0,95.0,0.06917,0.0,28.925,82.68666
2026-06-26 23:30:00+07:00,1.47219,400.0,91.0,94.0,0.06828,0.0,28.91667,82.655
2026-06-26 23:35:00+07:00,1.47219,400.0,97.0,101.0,0.06837,0.0,28.85833,82.945
2026-06-26 23:40:00+07:00,1.47219,400.0,101.0,106.0,0.06599,0.0,28.73333,83.61501
2026-06-26 23:50:00+07:00,1.47219,400.0,110.0,114.0,0.06555,0.0,28.6,84.00333
2026-06-26 23:55:00+07:00,1.47219,400.0,116.0,120.0,0.06607,0.0,28.57,84.08665
2026-06-27 00:00:00+07:00,1.47219,400.0,116.0,120.0,0.06662,0.0,28.52333,84.09666
2026-06-27 00:05:00+07:00,1.47219,400.0,117.0,123.0,0.06613,0.0,28.5,84.06499
2026-06-27 00:10:00+07:00,1.47219,400.0,120.0,125.0,0.06792,0.0,28.5,84.495
2026-06-27 00:15:00+07:00,1.47219,400.0,121.0,126.0,0.06586,0.0,28.46667,84.32833
2026-06-27 00:20:00+07:00,1.47219,400.0,123.0,130.0,0.0652,0.0,28.39333,84.62167
2026-06-27 00:30:00+07:00,1.47219,400.0,129.0,135.0,0.06411,0.0,28.32,84.80167
2026-06-27 00:40:00+07:00,1.47219,400.0,126.0,132.0,0.06392,0.0,28.22667,84.86833
2026-06-27 00:45:00+07:00,1.47219,400.0,125.0,131.0,0.0636,0.0,28.27667,84.635
2026-06-27 00:50:00+07:00,1.47219,400.0,125.0,131.0,0.06603,0.0,28.225,84.77167
2026-06-27 01:00:00+07:00,1.47219,400.0,127.0,133.0,0.06661,0.0,28.3,84.505
2026-06-27 01:05:00+07:00,1.47219,400.0,125.0,130.0,0.06476,0.0,28.21667,84.55333
2026-06-27 01:10:00+07:00,1.47219,400.0,121.0,127.0,0.06322,0.0,28.11834,84.71834
2026-06-27 01:25:00+07:00,1.47219,400.0,116.0,120.0,0.0644,0.0,28.06667,85.05833
2026-06-27 01:30:00+07:00,1.47219,400.0,110.0,115.0,0.06326,0.0,28.1,84.75334
2026-06-27 01:35:00+07:00,1.47219,400.0,107.0,112.0,0.06289,0.0,28.005,84.76833
2026-06-27 01:40:00+07:00,1.47219,400.0,107.0,112.0,0.06386,0.0,28.00666,84.94499
2026-06-27 01:45:00+07:00,1.47219,400.0,105.0,109.0,0.06463,0.0,28.09334,84.73333
2026-06-27 01:55:00+07:00,1.47219,400.0,101.0,105.0,0.06402,0.0,28.09,84.56999
2026-06-27 02:00:00+07:00,1.47219,400.0,100.0,105.0,0.06466,0.0,28.0,85.17167
2026-06-27 02:05:00+07:00,1.47219,400.0,99.0,103.0,0.06573,0.0,28.03833,84.86167
2026-06-27 02:10:00+07:00,1.47219,400.0,101.0,105.0,0.0664,0.0,28.03167,84.85667
2026-06-27 02:15:00+07:00,1.47219,400.0,100.0,104.0,0.06333,0.0,27.965,84.80666
2026-06-27 02:25:00+07:00,1.47219,400.0,101.0,105.0,0.06434,0.0,27.925,84.99167
2026-06-27 02:30:00+07:00,1.47219,400.0,102.0,106.0,0.06364,0.0,27.89499,85.205
2026-06-27 02:35:00+07:00,1.47219,400.0,104.0,109.0,0.06551,0.0,27.84666,85.75001
2026-06-27 02:40:00+07:00,1.47219,400.0,101.0,106.0,0.06411,0.0,27.88666,85.27667
2026-06-27 02:50:00+07:00,1.47219,400.0,102.0,107.0,0.06472,0.0,27.88333,85.28001
2026-06-27 02:55:00+07:00,1.47219,400.0,100.0,105.0,0.06399,0.0,27.89666,85.055
2026-06-27 03:00:00+07:00,1.47219,400.0,100.0,104.0,0.06347,0.0,27.87166,85.345
2026-06-27 03:05:00+07:00,1.47219,400.0,101.0,105.0,0.06299,0.0,27.8,85.62833
2026-06-27 03:10:00+07:00,1.47219,400.0,104.0,109.0,0.06506,0.0,27.79667,85.81166
2026-06-27 03:20:00+07:00,1.47219,400.0,104.0,109.0,0.06602,0.0,27.875,85.58
2026-06-27 03:25:00+07:00,1.47219,400.0,102.0,107.0,0.06591,0.0,27.90499,85.34167
2026-06-27 03:30:00+07:00,1.47219,400.0,101.0,105.0,0.06605,0.0,27.91666,85.32333
2026-06-27 03:35:00+07:00,1.47219,400.0,98.0,102.0,0.06759,0.0,27.97,85.34167
2026-06-27 03:40:00+07:00,1.47219,400.0,98.0,102.0,0.06806,0.0,28.075,85.03333
2026-06-27 03:50:00+07:00,1.47219,400.0,93.0,97.0,0.06845,0.0,28.145,85.065
2026-06-27 03:55:00+07:00,1.47219,400.0,91.0,95.0,0.06559,0.0,28.19,84.68168
2026-06-27 04:00:00+07:00,1.47219,400.0,91.0,95.0,0.06839,0.0,28.21167,84.89167
2026-06-27 04:05:00+07:00,1.47219,400.0,88.0,92.0,0.06692,0.0,28.3,84.38
2026-06-27 04:10:00+07:00,1.47219,400.0,86.0,90.0,0.06579,0.0,28.30667,84.40834
2026-06-27 04:20:00+07:00,1.47219,400.0,85.0,88.0,0.06536,0.0,28.28333,84.45833
2026-06-27 04:25:00+07:00,1.47219,400.0,90.0,93.0,0.06708,0.0,28.29833,84.745
2026-06-27 04:30:00+07:00,1.47219,400.0,87.0,91.0,0.06404,0.0,28.20167,84.92667
2026-06-27 04:40:00+07:00,1.47219,400.0,84.0,88.0,0.06364,0.0,28.055,85.41833
2026-06-27 04:45:00+07:00,1.47219,400.0,84.0,88.0,0.06331,0.0,27.955,85.83667
2026-06-27 04:50:00+07:00,1.47219,400.0,86.0,90.0,0.06244,0.0,27.89,85.91334
2026-06-27 04:55:00+07:00,1.47219,400.0,84.0,89.0,0.06326,0.0,27.9,85.98334
2026-06-27 05:00:00+07:00,1.47219,400.0,85.0,89.0,0.06337,0.0,27.9,86.06833
2026-06-27 05:10:00+07:00,1.47219,400.0,93.0,96.0,0.06469,0.0,27.98333,85.94501
2026-06-27 05:15:00+07:00,1.47219,400.0,95.0,99.0,0.06624,0.0,27.99334,85.94833
2026-06-27 05:20:00+07:00,1.47219,400.0,96.0,100.0,0.06499,0.0,27.93167,86.07832
2026-06-27 05:25:00+07:00,1.47219,400.0,96.0,100.0,0.06606,0.0,27.89666,86.20666
2026-06-27 05:35:00+07:00,1.47219,400.0,91.0,96.0,0.06489,0.0,27.86666,86.16334
2026-06-27 05:40:00+07:00,1.47219,400.0,90.0,94.0,0.06453,0.0,27.81333,86.27167
